feature,importance
long_short_ratio,0.3608587761270795
trade_count,0.25228208048544737
avg_trade_size,0.21741752444247306
avg_leverage,0.15755198118019556
sentiment,0.011889637764804412
