metric,statistic,p_value,fear_median,greed_median,pct_shift_greed_vs_fear
daily_pnl,798.0,0.01339141040539913,81389.6825155,20925.513222,-74.2897225111848
win_day,683.0,0.0741327419640222,1.0,1.0,0.0
trade_count,926.0,5.9969687222472384e-05,2763.5,283.0,-89.75936312643758
avg_leverage,852.0,0.0017931918425313563,10459.688942744871,195.79628583065093,-98.12808691631845
long_short_ratio,588.0,0.9664057217142235,0.8914925624822494,0.8810810810810811,-1.1678708076374913
drawdown_proxy,570.0,0.4640901033390773,0.0,0.0,0.0
