metric,statistic,p_value
daily_pnl,798.0,0.01339141040539913
win_day,683.0,0.0741327419640222
trade_count,926.0,5.9969687222472384e-05
avg_leverage,852.0,0.0017931918425313563
long_short_ratio,588.0,0.9664057217142235
drawdown_proxy,570.0,0.4640901033390773
